{
  "Camera_Left": {
    "intrinsic": [
      [
        2666.6666666666665,
        0.0,
        960.0
      ],
      [
        0.0,
        2250.0,
        540.0
      ],
      [
        0.0,
        0.0,
        1.0
      ]
    ],
    "extrinsic": [
      [
        0.9848077893257141,
        -0.17364820837974548,
        0.0,
        0.023313360288739204
      ],
      [
        -7.59040474918038e-09,
        -4.304731504589654e-08,
        1.0,
        -4.456539670627535e-08
      ],
      [
        -0.17364820837974548,
        -0.9848077893257141,
        -4.371139183945161e-08,
        -1.0195374488830566
      ],
      [
        -0.0,
        0.0,
        -0.0,
        1.0
      ]
    ],
    "image_size": [
      1920,
      1080
    ],
    "depth_path": "depth_Camera_Left_0001.exr"
  },
  "Camera_Right": {
    "intrinsic": [
      [
        2666.6666666666665,
        0.0,
        960.0
      ],
      [
        0.0,
        2250.0,
        540.0
      ],
      [
        0.0,
        0.0,
        1.0
      ]
    ],
    "extrinsic": [
      [
        0.9848077893257141,
        0.17364820837974548,
        0.0,
        -0.023313360288739204
      ],
      [
        7.59040474918038e-09,
        -4.304731504589654e-08,
        1.0,
        -4.456539670627535e-08
      ],
      [
        0.17364820837974548,
        -0.9848077893257141,
        -4.371139183945161e-08,
        -1.0195374488830566
      ],
      [
        -0.0,
        0.0,
        -0.0,
        1.0
      ]
    ],
    "image_size": [
      1920,
      1080
    ],
    "depth_path": "depth_Camera_Right_0001.exr"
  },
  "Camera_Front": {
    "intrinsic": [
      [
        2666.6666666666665,
        0.0,
        960.0
      ],
      [
        0.0,
        2250.0,
        540.0
      ],
      [
        0.0,
        0.0,
        1.0
      ]
    ],
    "extrinsic": [
      [
        1.0,
        -0.0,
        0.0,
        -0.0
      ],
      [
        -0.0,
        -4.371138828673793e-08,
        1.0,
        -4.371138828673793e-08
      ],
      [
        0.0,
        -1.0,
        -4.371138828673793e-08,
        -1.0
      ],
      [
        -0.0,
        0.0,
        -0.0,
        1.0
      ]
    ],
    "image_size": [
      1920,
      1080
    ],
    "depth_path": "depth_Camera_Front_0001.exr"
  }
}