{
  "Camera_Left": {
    "intrinsic": [
      [
        2666.6666666666665,
        0.0,
        960.0
      ],
      [
        0.0,
        2666.6666666666665,
        540.0
      ],
      [
        0.0,
        0.0,
        1.0
      ]
    ],
    "extrinsic": [
      [
        1.0,
        0.0,
        0.0,
        0.10000000149011612
      ],
      [
        -0.0,
        -4.371138828673793e-08,
        1.0,
        -4.371138828673793e-08
      ],
      [
        0.0,
        -1.0,
        -4.371138828673793e-08,
        -1.0
      ],
      [
        -0.0,
        0.0,
        -0.0,
        1.0
      ]
    ],
    "image_size": [
      1920,
      1080
    ],
    "depth_path": "depth_Camera_Left_0001.exr"
  },
  "Camera_Right": {
    "intrinsic": [
      [
        2666.6666666666665,
        0.0,
        960.0
      ],
      [
        0.0,
        2666.6666666666665,
        540.0
      ],
      [
        0.0,
        0.0,
        1.0
      ]
    ],
    "extrinsic": [
      [
        1.0,
        -0.0,
        0.0,
        -0.10000000149011612
      ],
      [
        -0.0,
        -4.371138828673793e-08,
        1.0,
        -4.371138828673793e-08
      ],
      [
        0.0,
        -1.0,
        -4.371138828673793e-08,
        -1.0
      ],
      [
        -0.0,
        0.0,
        -0.0,
        1.0
      ]
    ],
    "image_size": [
      1920,
      1080
    ],
    "depth_path": "depth_Camera_Right_0001.exr"
  },
  "Camera_Front": {
    "intrinsic": [
      [
        2666.6666666666665,
        0.0,
        960.0
      ],
      [
        0.0,
        2666.6666666666665,
        540.0
      ],
      [
        0.0,
        0.0,
        1.0
      ]
    ],
    "extrinsic": [
      [
        1.0,
        -0.0,
        0.0,
        -0.0
      ],
      [
        -0.0,
        -4.371138828673793e-08,
        1.0,
        -4.371138828673793e-08
      ],
      [
        0.0,
        -1.0,
        -4.371138828673793e-08,
        -1.0
      ],
      [
        -0.0,
        0.0,
        -0.0,
        1.0
      ]
    ],
    "image_size": [
      1920,
      1080
    ],
    "depth_path": "depth_Camera_Front_0001.exr"
  }
}