{
  "Camera_Left": {
    "intrinsic": [
      [
        2666.6666666666665,
        0.0,
        960.0
      ],
      [
        0.0,
        2666.6666666666665,
        540.0
      ],
      [
        0.0,
        0.0,
        1.0
      ]
    ],
    "extrinsic": [
      [
        0.9961947202682495,
        -0.08715573698282242,
        4.440892098500626e-16,
        0.012463733553886414
      ],
      [
        -3.8096983345781155e-09,
        -4.354505378501017e-08,
        1.0,
        -4.392602193092898e-08
      ],
      [
        -0.08715573698282242,
        -0.9961947202682495,
        -4.371138828673793e-08,
        -1.0049103498458862
      ],
      [
        -0.0,
        0.0,
        -0.0,
        1.0
      ]
    ],
    "image_size": [
      1920,
      1080
    ],
    "depth_path": "depth_Camera_Left_0001.exr"
  },
  "Camera_Right": {
    "intrinsic": [
      [
        2666.6666666666665,
        0.0,
        960.0
      ],
      [
        0.0,
        2666.6666666666665,
        540.0
      ],
      [
        0.0,
        0.0,
        1.0
      ]
    ],
    "extrinsic": [
      [
        0.9961947202682495,
        0.08715573698282242,
        -4.440892098500626e-16,
        -0.012463733553886414
      ],
      [
        3.8096983345781155e-09,
        -4.354505378501017e-08,
        1.0,
        -4.392602193092898e-08
      ],
      [
        0.08715573698282242,
        -0.9961947202682495,
        -4.371138828673793e-08,
        -1.0049103498458862
      ],
      [
        -0.0,
        0.0,
        -0.0,
        1.0
      ]
    ],
    "image_size": [
      1920,
      1080
    ],
    "depth_path": "depth_Camera_Right_0001.exr"
  },
  "Camera_Front": {
    "intrinsic": [
      [
        2666.6666666666665,
        0.0,
        960.0
      ],
      [
        0.0,
        2666.6666666666665,
        540.0
      ],
      [
        0.0,
        0.0,
        1.0
      ]
    ],
    "extrinsic": [
      [
        1.0,
        -0.0,
        0.0,
        -0.0
      ],
      [
        -0.0,
        -4.371138828673793e-08,
        1.0,
        -4.371138828673793e-08
      ],
      [
        0.0,
        -1.0,
        -4.371138828673793e-08,
        -1.0
      ],
      [
        -0.0,
        0.0,
        -0.0,
        1.0
      ]
    ],
    "image_size": [
      1920,
      1080
    ],
    "depth_path": "depth_Camera_Front_0001.exr"
  }
}